Model,Quantity,Description,
"KEY-Cross-Highland","3","Keychain ? Cross-Highland","0",
"KEY-Cross-Trinity","3","Keychain ? Cross-Trinity","1",
"Brooch-Piper-Comical","2","Brooch ? Piper - Comical","2",
"Brooch-Piper-1","2","Brooch ? Piper","3",
"ZipperPull-ML-Stylized","3","ZipperPull ? Maple Leaf ? Stylized","4",
"ZipperPull-dancer","3","ZipperPull ? dancer","5",
"ZipperPull-dancer-Irish","1","ZipperPull ? dancer-Irish","6",
"Pilsner-piper","1","Pilsner Glass ? Piper","7",
"Shooter-piper-standing","1","Shooter Glass ? Piper ? Standing","8",
"KEY-dancer","3","Keychain ? dancer","9",
"KEY-Dancer-Irish","3","Keychain ? Dancer-Irish","10",
"KEY-piper","3","Keychain ? Piper","11",
"KEY-Drummer","3","Keychain ? Drummer","12",
"KEY-Shamrock","3","Keychain ? Shamrock","13",
"Wine-Thistle","1","Wine Glass ? Thistle","14",
"Wine-dancer-Irish","1","Wine Glass ? dancer-Irish","15",
"BeerMug-piper","1","Beer Mug ? Piper","16",
"BeerMug-Piper-Standing","1","Beer Mug ? Piper-Standing","17",
"BeerMug-Drummer","1","Beer Mug ? Drummer","18",
"BeerMug-dancer","1","Beer Mug ? dancer","19",
"Bus-Card-hold-dancer","1","Business Card Holder ? dancer","20",
"Bus-Card-hold-piper","1","Business Card Holder ? Piper","21",
"Bus-Card-hold-Thistle","1","Business Card Holder ? Thistle","22",
"Bus-Card-hold-Drummer","1","Business Card Holder ? Drummer","23",
"Rock-Drummer","1","Rock Glass ? Drummer","24",
"Rock-piper","1","Rock Glass ? Piper","25",
"PEN-Cross-Protection","3","Pendant with chain ? Protection Cross","26",
"PEN-Cross-High","3","Pendant with chain ? High Cross","27",
"PEN-Knot-Protection","3","Pendant with chain ? Protection Knot","28",
"PEN-Knot-Rosemarkie","3","Pendant with chain ? Rosemarkie Knot","29",
"PEN-Knot-Shandwick","3","Pendant with chain ? Shandwick Knot","30",
"PEN-Knot-Magic","3","Pendant with chain ? Magic Knot","31",
"PEN-Cross-Highland","3","Pendant ? Cross-Highland","32",
"PEN-AberlemnoMandala","3","Pendant ? Aberlemno Mandala","33",
"PEN-Brighid-Goddess","3","Pendant ? Brighid-Goddess","34",
"Earings-4Seasons","3","Earings ? Cross of 4 Seasons","35",
"Pilsner-Drummer","1","Pilsner Glass ? Drummer","36",
"Shooter-Thistle","1","Shooter Glass ? Thistle","37",
"Shooter-Drummer","1","Shooter Glass ? Drummer","38",
"Shooter-Claddagh","1","Shooter Glass ? Claddagh","39",
"Ornament-Wreath-Peace","2","Ornament - Wreath ? Peace","40",
"Champagne-Claddagh","1","Champagne Glass ? Claddagh","41",
"Shot-dancer","1","Shot Glass ? dancer","42",
"Shot-Thistle","1","Shot Glass ? Thistle","43",
"Shot-Drummer","1","Shot Glass ? Drummer","44",
"Shot-piper-standing","1","Shot Glass ? Piper ? Standing","45",
"Wine-piper","1","Wine Glass ? Piper","46",
"Letter-Opener-Thistle","1","Thistle Letter Opener","47",
"Letter-Opener-Piper","1","Piper Letter Opener","48",
"Letter-Opener-Drummer","1","Drummer Letter Opener","49",
"PEN-Knot-Transformation","3","Pendant with chain ? Transformation Knot","50",
"PEN-Knot-Ulbster","3","Pendant ? Knot-Ulbster","51",
"Kiltpin-stonearrow","2","Kiltpin ? Stone and Arrow","52",
"Kiltpin-eternitycross","3","Kiltpin ? Eternity Cross","53",
"Barrette-round","3","Barrette ? Rounded Knot","54",
"Barrette-Rectangular","3","Barrette ? Rectangular Knot","55",
"KEY-Knot-Shandwick","3","Keychain with chain ? Shandwick Knot","56",
"Brooch-Piper-Female","2","Brooch ? Piper - Female","57",
"Brooch-Piper-Standing","2","Brooch ? Piper - Standing","58",
"Brooch-Dancer-1","2","Brooch ? Dancer","59",
"Brooch-Dancer-Pair","2","Brooch ? Dancer-Pair","60",
"Brooch-Dancer-Irish","1","Brooch ? Dancer-Irish","61",
"Brooch-Drummer","1","Brooch ? Drummer","62",
"Brooch-TrebleClef","2","Brooch ? Treble Clef","63",
"Brooch-Cross-Highland","3","Brooch ? Cross-Highland","64",
"Brooch-Knot-Ulbster","3","Brooch ? Knot-Ulbster","65",
"Brooch-Brighid-Goddess","2","Brooch ? Brighid-Goddess","66",
"brooch-Cross-Trinity","3","brooch ? Cross-Trinity","67",
"Ornament-drummer","3","Ornament - Drummer Boy","68",
"Ornament-Angel-Lyre","2","Ornament - Angel-Lyre","69",
"Ornament-Angel-Guitar","2","Ornament - Angel-Guitar","70",
"Ornament-Angel-Horn","2","Ornament - Angel-Horn","71",
"Ornament-TinSoldier","3","Ornament ? TinSoldier","72",
"Ornament-SaintNick","2","Ornament ? SaintNick","73",
"Letter-Opener-Treble_Clef","1","Treble_Clef Letter Opener","74",
"Letter-Opener-Celtic-Cross","1","Celtic-Cross Letter Opener","75",
"Charm-Dancer","5","Charm ? Highland Dancer","76",
"Charm-TrebleClef","2","Charm ? TrebleClef","77",
"Shipping","1","Shipping From Supplier","78",
"Shooter-dancer","1","Shooter Glass ? dancer","79",
"PEN-chain-dancer","3","Pendant with chain ? dancer","80",
"PEN-chain-dancer-Irish","2","Pendant with chain ? dancer-Irish","81",
"Charm-Cross-Meditation","1","Charm ? Cross-Meditation","82",
